[
   {
      "rating":3.5,
      "review_count":86,
      "name":"Cheers Bar And Restaurant",
      "transactions":[

      ],
      "url":"https://www.yelp.com/biz/cheers-bar-and-restaurant-hackensack?adjust_creative=sLHlRw7_WGfQ4vYsyM3NGQ&utm_campaign=yelp_api_v3&utm_medium=api_v3_business_search&utm_source=sLHlRw7_WGfQ4vYsyM3NGQ",
      "price":"$$",
      "distance":1999.863693763037,
      "coordinates":{
         "latitude":40.90364,
         "longitude":-74.04188
      },
      "alias":"cheers-bar-and-restaurant-hackensack",
      "image_url":"https://s3-media2.fl.yelpcdn.com/bphoto/KfIt9olPFIR-fcMp8K8sKQ/o.jpg",
      "categories":[
         {
            "alias":"irish",
            "title":"Irish"
         },
         {
            "alias":"sportsbars",
            "title":"Sports Bars"
         },
         {
            "alias":"irish_pubs",
            "title":"Irish Pub"
         }
      ],
      "display_phone":"(201) 487-0660",
      "phone":"+12014870660",
      "id":"2qrNXOzFd9VsxDbkIQqnfw",
      "is_closed":false,
      "location":{
         "city":"Hackensack",
         "display_address":[
            "774 Main St",
            "Hackensack, NJ 07601"
         ],
         "country":"US",
         "address2":"",
         "address3":"",
         "state":"NJ",
         "address1":"774 Main St",
         "zip_code":"07601"
      }
   },
   {
      "rating":4.5,
      "review_count":93,
      "name":"The Alementary Brewing",
      "transactions":[

      ],
      "url":"https://www.yelp.com/biz/the-alementary-brewing-hackensack-2?adjust_creative=sLHlRw7_WGfQ4vYsyM3NGQ&utm_campaign=yelp_api_v3&utm_medium=api_v3_business_search&utm_source=sLHlRw7_WGfQ4vYsyM3NGQ",
      "price":"$$",
      "distance":2137.8336218117993,
      "coordinates":{
         "latitude":40.90459,
         "longitude":-74.04002
      },
      "alias":"the-alementary-brewing-hackensack-2",
      "image_url":"https://s3-media2.fl.yelpcdn.com/bphoto/ZvwT1TJdtV4mnq9RLQbRIA/o.jpg",
      "categories":[
         {
            "alias":"beerbar",
            "title":"Beer Bar"
         },
         {
            "alias":"breweries",
            "title":"Breweries"
         }
      ],
      "display_phone":"(201) 968-1290",
      "phone":"+12019681290",
      "id":"_2SfbMa2Qe4mtu2p08Zntw",
      "is_closed":false,
      "location":{
         "city":"Hackensack",
         "display_address":[
            "58 Voorhis Ln",
            "Hackensack, NJ 07601"
         ],
         "country":"US",
         "address2":null,
         "address3":"",
         "state":"NJ",
         "address1":"58 Voorhis Ln",
         "zip_code":"07601"
      }
   },
   {
      "rating":4.0,
      "review_count":354,
      "name":"Sofia",
      "transactions":[
         "delivery",
         "restaurant_reservation",
         "pickup"
      ],
      "url":"https://www.yelp.com/biz/sofia-englewood-4?adjust_creative=sLHlRw7_WGfQ4vYsyM3NGQ&utm_campaign=yelp_api_v3&utm_medium=api_v3_business_search&utm_source=sLHlRw7_WGfQ4vYsyM3NGQ",
      "price":"$$$",
      "distance":6279.073173842743,
      "coordinates":{
         "latitude":40.8941471,
         "longitude":-73.9725631
      },
      "alias":"sofia-englewood-4",
      "image_url":"https://s3-media2.fl.yelpcdn.com/bphoto/58zZrqjuUx73RC3OFRyvfA/o.jpg",
      "categories":[
         {
            "alias":"lounges",
            "title":"Lounges"
         },
         {
            "alias":"steak",
            "title":"Steakhouses"
         },
         {
            "alias":"italian",
            "title":"Italian"
         }
      ],
      "display_phone":"(201) 541-8530",
      "phone":"+12015418530",
      "id":"aI39yRQqpTd1VuKqS-lwig",
      "is_closed":false,
      "location":{
         "city":"Englewood",
         "display_address":[
            "36 Engle St",
            "Englewood, NJ 07631"
         ],
         "country":"US",
         "address2":"",
         "address3":"",
         "state":"NJ",
         "address1":"36 Engle St",
         "zip_code":"07631"
      }
   },
   {
      "rating":3.5,
      "review_count":50,
      "name":"General Poors Tavern",
      "transactions":[

      ],
      "url":"https://www.yelp.com/biz/general-poors-tavern-hackensack?adjust_creative=sLHlRw7_WGfQ4vYsyM3NGQ&utm_campaign=yelp_api_v3&utm_medium=api_v3_business_search&utm_source=sLHlRw7_WGfQ4vYsyM3NGQ",
      "price":"$$",
      "distance":723.2878562596637,
      "coordinates":{
         "latitude":40.8797492,
         "longitude":-74.0443843
      },
      "alias":"general-poors-tavern-hackensack",
      "image_url":"https://s3-media1.fl.yelpcdn.com/bphoto/YGQo-6Qy88kx4R9q0kdgWg/o.jpg",
      "categories":[
         {
            "alias":"sportsbars",
            "title":"Sports Bars"
         },
         {
            "alias":"seafood",
            "title":"Seafood"
         },
         {
            "alias":"chicken_wings",
            "title":"Chicken Wings"
         }
      ],
      "display_phone":"",
      "phone":"",
      "id":"aipPO5HaA8PqCFDK3lRb6w",
      "is_closed":false,
      "location":{
         "city":"Hackensack",
         "display_address":[
            "45 Main St",
            "Hackensack, NJ 07601"
         ],
         "country":"US",
         "address2":"",
         "address3":"",
         "state":"NJ",
         "address1":"45 Main St",
         "zip_code":"07601"
      }
   },
   {
      "rating":3.5,
      "review_count":55,
      "name":"Lazy Lanigans",
      "transactions":[
         "delivery",
         "pickup"
      ],
      "url":"https://www.yelp.com/biz/lazy-lanigans-hackensack?adjust_creative=sLHlRw7_WGfQ4vYsyM3NGQ&utm_campaign=yelp_api_v3&utm_medium=api_v3_business_search&utm_source=sLHlRw7_WGfQ4vYsyM3NGQ",
      "price":"$$",
      "distance":1446.1706755559735,
      "coordinates":{
         "latitude":40.8979067,
         "longitude":-74.0400387
      },
      "alias":"lazy-lanigans-hackensack",
      "image_url":"https://s3-media3.fl.yelpcdn.com/bphoto/UudYduUuAYqs9K2P73r_7Q/o.jpg",
      "categories":[
         {
            "alias":"pubs",
            "title":"Pubs"
         },
         {
            "alias":"steak",
            "title":"Steakhouses"
         }
      ],
      "display_phone":"(201) 342-6677",
      "phone":"+12013426677",
      "id":"mA-zOSacMU_FEwgdHlA-yw",
      "is_closed":false,
      "location":{
         "city":"Hackensack",
         "display_address":[
            "604 Main St",
            "Hackensack, NJ 07601"
         ],
         "country":"US",
         "address2":"",
         "address3":"",
         "state":"NJ",
         "address1":"604 Main St",
         "zip_code":"07601"
      }
   },
   {
      "drinks":[
         {
            "strInstructionsZH-HANS":null,
            "strInstructionsZH-HANT":null,
            "strIBA":null,
            "strIngredient14":null,
            "strIngredient15":null,
            "strMeasure12":null,
            "strDrinkAlternate":null,
            "strIngredient11":null,
            "strInstructionsDE":"Alle Zutaten in ein Mischglas geben und mit Eis f\u00fcllen. Bis zum Abk\u00fchlen umr\u00fchren und in ein gek\u00fchltes Coup\u00e9glas abseihen.",
            "strIngredient13":null,
            "strInstructions":"Add all ingredients to a mixing glass and fill with ice.\r\n\r\nStir until chilled, and strain into a chilled coupe glass.",
            "strInstructionsFR":null,
            "strMeasure6":null,
            "strMeasure7":null,
            "strMeasure4":"2 dashes",
            "strMeasure5":null,
            "strMeasure2":"1 1/2 oz",
            "strMeasure3":"1 tsp",
            "strMeasure1":"1 1/2 oz",
            "strDrinkES":null,
            "strMeasure8":null,
            "strMeasure9":null,
            "strMeasure10":null,
            "strMeasure11":null,
            "strCategory":"Cocktail",
            "strInstructionsES":null,
            "strMeasure14":null,
            "strMeasure15":null,
            "strDrinkThumb":"https://www.thecocktaildb.com/images/media/drink/fs6kiq1513708455.jpg",
            "strTags":null,
            "strIngredient10":null,
            "idDrink":"17256",
            "strIngredient12":null,
            "strIngredient8":null,
            "strIngredient9":null,
            "strGlass":"Cocktail glass",
            "strIngredient7":null,
            "strIngredient4":"Angostura Bitters",
            "strIngredient5":null,
            "strIngredient2":"Sweet Vermouth",
            "strIngredient3":"Maraschino Liqueur",
            "strIngredient1":"Gin",
            "strDrinkZH-HANT":null,
            "strMeasure13":null,
            "strAlcoholic":"Alcoholic",
            "strDrinkZH-HANS":null,
            "strDrink":"Martinez 2",
            "strCreativeCommonsConfirmed":"No",
            "dateModified":"2017-12-19 18:34:15",
            "strIngredient6":null,
            "strDrinkFR":null,
            "strDrinkDE":null,
            "strVideo":null
         },
         {
            "strInstructionsZH-HANS":null,
            "strInstructionsZH-HANT":null,
            "strIBA":"New Era Drinks",
            "strIngredient14":null,
            "strIngredient15":null,
            "strMeasure12":null,
            "strDrinkAlternate":null,
            "strIngredient11":null,
            "strInstructionsDE":"Sch\u00fctteln Sie die Zutaten mit Eis. In ein Glas abseihen, mit Sekt \u00fcbergie\u00dfen.",
            "strIngredient13":null,
            "strInstructions":"Shake pour ingredients with ice. Strain into glass, top with Sparkling wine.",
            "strInstructionsFR":null,
            "strMeasure6":null,
            "strMeasure7":null,
            "strMeasure4":" 1 dash",
            "strMeasure5":"top up ",
            "strMeasure2":"1.5 cl",
            "strMeasure3":"6 cl",
            "strMeasure1":"4.5 cl",
            "strDrinkES":null,
            "strMeasure8":null,
            "strMeasure9":null,
            "strMeasure10":null,
            "strMeasure11":null,
            "strCategory":"Ordinary Drink",
            "strInstructionsES":null,
            "strMeasure14":null,
            "strMeasure15":null,
            "strDrinkThumb":"https://www.thecocktaildb.com/images/media/drink/jwmr1x1504372337.jpg",
            "strTags":"IBA,NewEra",
            "strIngredient10":null,
            "idDrink":"17209",
            "strIngredient12":null,
            "strIngredient8":null,
            "strIngredient9":null,
            "strGlass":"Margarita glass",
            "strIngredient7":null,
            "strIngredient4":"Lime Juice",
            "strIngredient5":"Prosecco",
            "strIngredient2":"Galliano",
            "strIngredient3":"Pineapple Juice",
            "strIngredient1":"Rum",
            "strDrinkZH-HANT":null,
            "strMeasure13":null,
            "strAlcoholic":"Alcoholic",
            "strDrinkZH-HANS":null,
            "strDrink":"Barracuda",
            "strCreativeCommonsConfirmed":"No",
            "dateModified":"2017-09-02 18:12:17",
            "strIngredient6":null,
            "strDrinkFR":null,
            "strDrinkDE":null,
            "strVideo":null
         },
         {
            "strInstructionsZH-HANS":null,
            "strInstructionsZH-HANT":null,
            "strIBA":null,
            "strIngredient14":null,
            "strIngredient15":null,
            "strMeasure12":null,
            "strDrinkAlternate":null,
            "strIngredient11":null,
            "strInstructionsDE":"In Mischglas mit Eis verr\u00fchren und abseihen.",
            "strIngredient13":null,
            "strInstructions":"Stir in mixing glass with ice and strain\r\n",
            "strInstructionsFR":null,
            "strMeasure6":null,
            "strMeasure7":null,
            "strMeasure4":"1 oz",
            "strMeasure5":null,
            "strMeasure2":"1 oz",
            "strMeasure3":"1 oz",
            "strMeasure1":"1 dash",
            "strDrinkES":null,
            "strMeasure8":null,
            "strMeasure9":null,
            "strMeasure10":null,
            "strMeasure11":null,
            "strCategory":"Cocktail",
            "strInstructionsES":null,
            "strMeasure14":null,
            "strMeasure15":null,
            "strDrinkThumb":"https://www.thecocktaildb.com/images/media/drink/rysb3r1513706985.jpg",
            "strTags":null,
            "strIngredient10":null,
            "idDrink":"17254",
            "strIngredient12":null,
            "strIngredient8":null,
            "strIngredient9":null,
            "strGlass":"Cocktail glass",
            "strIngredient7":null,
            "strIngredient4":"Sweet Vermouth",
            "strIngredient5":null,
            "strIngredient2":"Green Chartreuse",
            "strIngredient3":"Gin",
            "strIngredient1":"Orange Bitters",
            "strDrinkZH-HANT":null,
            "strMeasure13":null,
            "strAlcoholic":"Alcoholic",
            "strDrinkZH-HANS":null,
            "strDrink":"Bijou",
            "strCreativeCommonsConfirmed":"No",
            "dateModified":"2017-12-19 18:09:45",
            "strIngredient6":null,
            "strDrinkFR":null,
            "strDrinkDE":null,
            "strVideo":null
         },
         {
            "strInstructionsZH-HANS":null,
            "strInstructionsZH-HANT":null,
            "strIBA":null,
            "strIngredient14":null,
            "strIngredient15":null,
            "strMeasure12":null,
            "strDrinkAlternate":null,
            "strIngredient11":null,
            "strInstructionsDE":"Alle Zutaten direkt in ein mit Eis gef\u00fclltes Highball-Glas gie\u00dfen. Vorsichtig umr\u00fchren. Garnieren. F\u00fcge einen Schuss Angostura-Bitter hinzu.",
            "strIngredient13":null,
            "strInstructions":"Pour all ingredients directly into highball glass filled with ice. Stir gently. Garnish. Add a dash of Angostura bitters.",
            "strInstructionsFR":null,
            "strMeasure6":"1 ",
            "strMeasure7":null,
            "strMeasure4":"3 oz ",
            "strMeasure5":"1 ",
            "strMeasure2":"1 oz ",
            "strMeasure3":"1 tsp superfine ",
            "strMeasure1":"2 oz ",
            "strDrinkES":null,
            "strMeasure8":null,
            "strMeasure9":null,
            "strMeasure10":null,
            "strMeasure11":null,
            "strCategory":"Ordinary Drink",
            "strInstructionsES":null,
            "strMeasure14":null,
            "strMeasure15":null,
            "strDrinkThumb":"https://www.thecocktaildb.com/images/media/drink/u5yaxl1504350270.jpg",
            "strTags":"IBA",
            "strIngredient10":null,
            "idDrink":"11580",
            "strIngredient12":null,
            "strIngredient8":null,
            "strIngredient9":null,
            "strGlass":"Collins glass",
            "strIngredient7":null,
            "strIngredient4":"Club soda",
            "strIngredient5":"Maraschino cherry",
            "strIngredient2":"Lemon juice",
            "strIngredient3":"Sugar",
            "strIngredient1":"Bourbon",
            "strDrinkZH-HANT":null,
            "strMeasure13":null,
            "strAlcoholic":"Alcoholic",
            "strDrinkZH-HANS":null,
            "strDrink":"John Collins",
            "strCreativeCommonsConfirmed":"No",
            "dateModified":"2017-09-02 12:04:31",
            "strIngredient6":"Orange",
            "strDrinkFR":null,
            "strDrinkDE":null,
            "strVideo":null
         },
         {
            "strInstructionsZH-HANS":null,
            "strInstructionsZH-HANT":null,
            "strIBA":null,
            "strIngredient14":null,
            "strIngredient15":null,
            "strMeasure12":null,
            "strDrinkAlternate":null,
            "strIngredient11":null,
            "strInstructionsDE":"Wenn jedes Teil 1,5 cl. ist, dann verwenden Sie etwa 2,5 Tassen Eis. Alles zusammenmischen. Trink es mit einem gro\u00dfen Strohhalm, wenn du einen hast.",
            "strIngredient13":null,
            "strInstructions":"If each part is 1/2 oz then use about 2.5 cups of ice.\r\n\r\nBlend it all together. \r\nDrink it with a big straw if you have one.\r\n\r\n",
            "strInstructionsFR":null,
            "strMeasure6":"cubes",
            "strMeasure7":null,
            "strMeasure4":"1 part",
            "strMeasure5":"6 parts",
            "strMeasure2":"2 parts",
            "strMeasure3":"1 part",
            "strMeasure1":"4 parts",
            "strDrinkES":null,
            "strMeasure8":null,
            "strMeasure9":null,
            "strMeasure10":null,
            "strMeasure11":null,
            "strCategory":"Cocktail",
            "strInstructionsES":null,
            "strMeasure14":null,
            "strMeasure15":null,
            "strDrinkThumb":"https://www.thecocktaildb.com/images/media/drink/nwx02s1515795822.jpg",
            "strTags":null,
            "strIngredient10":null,
            "idDrink":"17268",
            "strIngredient12":null,
            "strIngredient8":null,
            "strIngredient9":null,
            "strGlass":"Highball glass",
            "strIngredient7":null,
            "strIngredient4":"Blue Curacao",
            "strIngredient5":"Sweet and Sour",
            "strIngredient2":"Dark Rum",
            "strIngredient3":"Passoa",
            "strIngredient1":"Rum",
            "strDrinkZH-HANT":null,
            "strMeasure13":null,
            "strAlcoholic":"Alcoholic",
            "strDrinkZH-HANS":null,
            "strDrink":"Blue Hurricane",
            "strCreativeCommonsConfirmed":"No",
            "dateModified":"2018-01-12 22:23:42",
            "strIngredient6":"Ice",
            "strDrinkFR":null,
            "strDrinkDE":null,
            "strVideo":null
         },
         {
            "strInstructionsZH-HANS":null,
            "strInstructionsZH-HANT":null,
            "strIBA":"Unforgettables",
            "strIngredient14":null,
            "strIngredient15":null,
            "strMeasure12":null,
            "strDrinkAlternate":null,
            "strIngredient11":null,
            "strInstructionsDE":"Alle Zutaten in den Shaker mit Eisw\u00fcrfeln geben. Gut sch\u00fctteln. In ein gek\u00fchltes Cocktailglas abseihen. Mit einer Zitronenscheibe und einer Maraschinokirsche garnieren. Ohne Strohhalm servieren.",
            "strIngredient13":null,
            "strInstructions":"Pour all ingredients into shaker with ice cubes. Shake well. Strain into chilled cocktail glass. Garnish with a lemon twist and a maraschino cherry. Serve without a straw.",
            "strInstructionsFR":null,
            "strMeasure6":null,
            "strMeasure7":null,
            "strMeasure4":"2 dashes ",
            "strMeasure5":"1 ",
            "strMeasure2":"1/4 tsp ",
            "strMeasure3":"1/4 tsp ",
            "strMeasure1":"2 oz ",
            "strDrinkES":null,
            "strMeasure8":null,
            "strMeasure9":null,
            "strMeasure10":null,
            "strMeasure11":null,
            "strCategory":"Ordinary Drink",
            "strInstructionsES":null,
            "strMeasure14":null,
            "strMeasure15":null,
            "strDrinkThumb":"https://www.thecocktaildb.com/images/media/drink/1mvjxg1504348579.jpg",
            "strTags":"IBA",
            "strIngredient10":null,
            "idDrink":"17185",
            "strIngredient12":null,
            "strIngredient8":null,
            "strIngredient9":null,
            "strGlass":"Cocktail glass",
            "strIngredient7":null,
            "strIngredient4":"Orange bitters",
            "strIngredient5":"Cherry",
            "strIngredient2":"Maraschino liqueur",
            "strIngredient3":"Lemon juice",
            "strIngredient1":"Gin",
            "strDrinkZH-HANT":null,
            "strMeasure13":null,
            "strAlcoholic":"Alcoholic",
            "strDrinkZH-HANS":null,
            "strDrink":"Casino",
            "strCreativeCommonsConfirmed":"No",
            "dateModified":"2017-09-02 11:36:19",
            "strIngredient6":null,
            "strDrinkFR":null,
            "strDrinkDE":null,
            "strVideo":null
         },
         {
            "strInstructionsZH-HANS":null,
            "strInstructionsZH-HANT":null,
            "strIBA":null,
            "strIngredient14":null,
            "strIngredient15":null,
            "strMeasure12":null,
            "strDrinkAlternate":null,
            "strIngredient11":null,
            "strInstructionsDE":"Gie\u00dfen Sie Wodka in ein Highball-Glas \u00fcber Eisw\u00fcrfel. Mit Tonic Water auff\u00fcllen, umr\u00fchren und servieren.",
            "strIngredient13":null,
            "strInstructions":"Pour vodka into a highball glass over ice cubes. Fill with tonic water, stir, and serve.",
            "strInstructionsFR":null,
            "strMeasure6":null,
            "strMeasure7":null,
            "strMeasure4":null,
            "strMeasure5":null,
            "strMeasure2":null,
            "strMeasure3":null,
            "strMeasure1":"2 oz ",
            "strDrinkES":null,
            "strMeasure8":null,
            "strMeasure9":null,
            "strMeasure10":null,
            "strMeasure11":null,
            "strCategory":"Ordinary Drink",
            "strInstructionsES":null,
            "strMeasure14":null,
            "strMeasure15":null,
            "strDrinkThumb":"https://www.thecocktaildb.com/images/media/drink/lmj2yt1504820500.jpg",
            "strTags":null,
            "strIngredient10":null,
            "idDrink":"12460",
            "strIngredient12":null,
            "strIngredient8":null,
            "strIngredient9":null,
            "strGlass":"Highball glass",
            "strIngredient7":null,
            "strIngredient4":null,
            "strIngredient5":null,
            "strIngredient2":"Tonic water",
            "strIngredient3":null,
            "strIngredient1":"Vodka",
            "strDrinkZH-HANT":null,
            "strMeasure13":null,
            "strAlcoholic":"Alcoholic",
            "strDrinkZH-HANS":null,
            "strDrink":"Vodka And Tonic",
            "strCreativeCommonsConfirmed":"No",
            "dateModified":"2017-09-07 22:41:40",
            "strIngredient6":null,
            "strDrinkFR":null,
            "strDrinkDE":null,
            "strVideo":null
         },
         {
            "strInstructionsZH-HANS":null,
            "strInstructionsZH-HANT":null,
            "strIBA":null,
            "strIngredient14":null,
            "strIngredient15":null,
            "strMeasure12":null,
            "strDrinkAlternate":null,
            "strIngredient11":null,
            "strInstructionsDE":"Alle Zutaten in ein halb mit Eis gef\u00fclltes Mischglas geben, sch\u00fctteln und in ein gek\u00fchltes Martini-Glas abseihen.",
            "strIngredient13":null,
            "strInstructions":"Pour all ingredients in mixing glass half filled with ice, shake and strain into chilled Martini glass.",
            "strInstructionsFR":null,
            "strMeasure6":null,
            "strMeasure7":null,
            "strMeasure4":"1 splash ",
            "strMeasure5":null,
            "strMeasure2":"1 oz ",
            "strMeasure3":"Juice of 1/2 ",
            "strMeasure1":"1/2 oz ",
            "strDrinkES":null,
            "strMeasure8":null,
            "strMeasure9":null,
            "strMeasure10":null,
            "strMeasure11":null,
            "strCategory":"Cocktail",
            "strInstructionsES":null,
            "strMeasure14":null,
            "strMeasure15":null,
            "strDrinkThumb":"https://www.thecocktaildb.com/images/media/drink/upxxpq1439907580.jpg",
            "strTags":null,
            "strIngredient10":null,
            "idDrink":"14133",
            "strIngredient12":null,
            "strIngredient8":null,
            "strIngredient9":null,
            "strGlass":"Cocktail Glass",
            "strIngredient7":null,
            "strIngredient4":"Cranberry juice",
            "strIngredient5":null,
            "strIngredient2":"Vodka",
            "strIngredient3":"Lime",
            "strIngredient1":"Cointreau",
            "strDrinkZH-HANT":null,
            "strMeasure13":null,
            "strAlcoholic":"Alcoholic",
            "strDrinkZH-HANS":null,
            "strDrink":"Cosmopolitan Martini",
            "strCreativeCommonsConfirmed":"No",
            "dateModified":"2015-08-18 15:19:40",
            "strIngredient6":null,
            "strDrinkFR":null,
            "strDrinkDE":null,
            "strVideo":null
         },
         {
            "strInstructionsZH-HANS":null,
            "strInstructionsZH-HANT":null,
            "strIBA":null,
            "strIngredient14":null,
            "strIngredient15":null,
            "strMeasure12":null,
            "strDrinkAlternate":null,
            "strIngredient11":null,
            "strInstructionsDE":"Dies ist ein mehrschichtiges Getr\u00e4nk. Zuerst gie\u00dft man die Bailey's in das Schnapsglas. Nehmen Sie dann einen umgedrehten L\u00f6ffel und ber\u00fchren Sie ihn an der Innenwand des Glases. F\u00fcge das Kahlua vorsichtig hinzu. Wiederholen Sie diesen Vorgang f\u00fcr den Sambuca. Bei richtiger Anwendung bleibt der Alkohol getrennt und \u00e4hnelt einer Hummel. Genie\u00dft es!!!!!!",
            "strIngredient13":null,
            "strInstructions":"This is a layered shot. First pour the Bailey's into the shot glass. Then take an upside down spoon and touch it to the inside wall of the glass. Carefully add the Kahlua. Repeat this process for the Sambuca. If done properly, the alcohol will stay separated and resemble a bumble bee. Enjoy!!!",
            "strInstructionsFR":null,
            "strMeasure6":null,
            "strMeasure7":null,
            "strMeasure4":null,
            "strMeasure5":null,
            "strMeasure2":"1/3 oz ",
            "strMeasure3":"1/3 oz ",
            "strMeasure1":"1/3 oz ",
            "strDrinkES":null,
            "strMeasure8":null,
            "strMeasure9":null,
            "strMeasure10":null,
            "strMeasure11":null,
            "strCategory":"Shot",
            "strInstructionsES":null,
            "strMeasure14":null,
            "strMeasure15":null,
            "strDrinkThumb":"https://www.thecocktaildb.com/images/media/drink/uwqpvv1461866378.jpg",
            "strTags":null,
            "strIngredient10":null,
            "idDrink":"14538",
            "strIngredient12":null,
            "strIngredient8":null,
            "strIngredient9":null,
            "strGlass":"Shot glass",
            "strIngredient7":null,
            "strIngredient4":null,
            "strIngredient5":null,
            "strIngredient2":"Kahlua",
            "strIngredient3":"Sambuca",
            "strIngredient1":"Bailey's irish cream",
            "strDrinkZH-HANT":null,
            "strMeasure13":null,
            "strAlcoholic":"Alcoholic",
            "strDrinkZH-HANS":null,
            "strDrink":"Bumble Bee #1",
            "strCreativeCommonsConfirmed":"No",
            "dateModified":"2016-04-28 18:59:38",
            "strIngredient6":null,
            "strDrinkFR":null,
            "strDrinkDE":null,
            "strVideo":null
         },
         {
            "strInstructionsZH-HANS":null,
            "strInstructionsZH-HANT":null,
            "strIBA":null,
            "strIngredient14":null,
            "strIngredient15":null,
            "strMeasure12":null,
            "strDrinkAlternate":null,
            "strIngredient11":null,
            "strInstructionsDE":"Zutaten im Mixer vermengen.",
            "strIngredient13":null,
            "strInstructions":"Add ingredients and mix in blender.",
            "strInstructionsFR":null,
            "strMeasure6":null,
            "strMeasure7":null,
            "strMeasure4":"1 cup crushed ",
            "strMeasure5":null,
            "strMeasure2":"12 oz ",
            "strMeasure3":"12 oz frozen ",
            "strMeasure1":"12 oz ",
            "strDrinkES":null,
            "strMeasure8":null,
            "strMeasure9":null,
            "strMeasure10":null,
            "strMeasure11":null,
            "strCategory":"Ordinary Drink",
            "strInstructionsES":null,
            "strMeasure14":null,
            "strMeasure15":null,
            "strDrinkThumb":"https://www.thecocktaildb.com/images/media/drink/0wt4uo1503565321.jpg",
            "strTags":null,
            "strIngredient10":null,
            "idDrink":"13200",
            "strIngredient12":null,
            "strIngredient8":null,
            "strIngredient9":null,
            "strGlass":"Highball glass",
            "strIngredient7":null,
            "strIngredient4":"Ice",
            "strIngredient5":null,
            "strIngredient2":"Beer",
            "strIngredient3":"Lemonade",
            "strIngredient1":"Whiskey",
            "strDrinkZH-HANT":null,
            "strMeasure13":null,
            "strAlcoholic":"Alcoholic",
            "strDrinkZH-HANS":null,
            "strDrink":"Owen's Grandmother's Revenge",
            "strCreativeCommonsConfirmed":"No",
            "dateModified":"2017-08-24 10:02:02",
            "strIngredient6":null,
            "strDrinkFR":null,
            "strDrinkDE":null,
            "strVideo":null
         }
      ]
   }
];
